RNUM,UNIT,PORT,LAST_VAL,QTY,COMMODITY,CTY,DVALUE,VALUE,HS_CODE,DLAST_VALUE,Last_QTY,Year,Month,Date_Full,Type
14,KGS,KANDLA SEA,914794516,15179000,COPPER ORES AND CONCENTRATES,CHINA P RP,14181300,914794516,26030000,14181300,15179000,2017,Apr,01-Apr-2017,Export
19,KGS,KANDLA SEA,875758718,15160000,COPPER ORES AND CONCENTRATES,CHINA P RP,13593503,875758718,26030000,13593503,15160000,2017,May,01-May-2017,Export
26,KGS,KANDLA SEA,0,0,COPPER ORES AND CONCENTRATES,CHINA P RP,0,0,26030000,0,0,2017,Jun,01-Jun-2017,Export
29,KGS,KANDLA SEA,0,0,COPPER ORES AND CONCENTRATES,CHINA P RP,0,0,26030000,0,0,2017,Jul,01-Jul-2017,Export
30,KGS,MUMBAI AIR,16067,6,COPPER ORES AND CONCENTRATES,U S A,249,16067,26030000,249,6,2017,Jul,01-Jul-2017,Export
36,KGS,KANDLA SEA,0,0,COPPER ORES AND CONCENTRATES,CHINA P RP,0,0,26030000,0,0,2017,Aug,01-Aug-2017,Export
37,KGS,MUMBAI AIR,0,0,COPPER ORES AND CONCENTRATES,U S A,0,0,26030000,0,0,2017,Aug,01-Aug-2017,Export
45,KGS,KANDLA SEA,0,0,COPPER ORES AND CONCENTRATES,CHINA P RP,0,0,26030000,0,0,2017,Sep,01-Sep-2017,Export
46,KGS,MUMBAI AIR,0,0,COPPER ORES AND CONCENTRATES,U S A,0,0,26030000,0,0,2017,Sep,01-Sep-2017,Export
55,KGS,KANDLA SEA,973935630,15126000,COPPER ORES AND CONCENTRATES,CHINA P RP,14964907,973935630,26030000,14964907,15126000,2017,Oct,01-Oct-2017,Export
56,KGS,KOLKATA SEA,7370797,274000,COPPER ORES AND CONCENTRATES,KOREA RP,113255,7370797,26030000,113255,274000,2017,Oct,01-Oct-2017,Export
57,KGS,MUMBAI AIR,0,0,COPPER ORES AND CONCENTRATES,U S A,0,0,26030000,0,0,2017,Oct,01-Oct-2017,Export
59,KGS,KANDLA SEA,0,0,COPPER ORES AND CONCENTRATES,CHINA P RP,0,0,26030000,0,0,2017,Nov,01-Nov-2017,Export
60,KGS,KOLKATA SEA,0,0,COPPER ORES AND CONCENTRATES,KOREA RP,0,0,26030000,0,0,2017,Nov,01-Nov-2017,Export
61,KGS,MUMBAI AIR,0,0,COPPER ORES AND CONCENTRATES,U S A,0,0,26030000,0,0,2017,Nov,01-Nov-2017,Export
68,KGS,KOLKATA SEA,2524833,56000,COPPER ORES AND CONCENTRATES,CHINA P RP,39302,2524833,26030000,39302,56000,2017,Dec,01-Dec-2017,Export
69,KGS,KANDLA SEA,0,0,COPPER ORES AND CONCENTRATES,CHINA P RP,0,0,26030000,0,0,2017,Dec,01-Dec-2017,Export
70,KGS,KOLKATA SEA,0,0,COPPER ORES AND CONCENTRATES,KOREA RP,0,0,26030000,0,0,2017,Dec,01-Dec-2017,Export
71,KGS,MUMBAI AIR,0,0,COPPER ORES AND CONCENTRATES,U S A,0,0,26030000,0,0,2017,Dec,01-Dec-2017,Export
74,KGS,KANDLA SEA,1031057103,15210000,COPPER ORES AND CONCENTRATES,CHINA P RP,16202189,1031057103,26030000,16202189,15210000,2018,Jan,01-Jan-2018,Export
75,KGS,KOLKATA SEA,0,0,COPPER ORES AND CONCENTRATES,CHINA P RP,0,0,26030000,0,0,2018,Jan,01-Jan-2018,Export
76,KGS,KOLKATA SEA,0,0,COPPER ORES AND CONCENTRATES,KOREA RP,0,0,26030000,0,0,2018,Jan,01-Jan-2018,Export
77,KGS,MUMBAI AIR,0,0,COPPER ORES AND CONCENTRATES,U S A,0,0,26030000,0,0,2018,Jan,01-Jan-2018,Export
82,KGS,KANDLA SEA,0,0,COPPER ORES AND CONCENTRATES,CHINA P RP,0,0,26030000,0,0,2018,Feb,01-Feb-2018,Export
83,KGS,KOLKATA SEA,0,0,COPPER ORES AND CONCENTRATES,CHINA P RP,0,0,26030000,0,0,2018,Feb,01-Feb-2018,Export
84,KGS,KOLKATA SEA,0,0,COPPER ORES AND CONCENTRATES,KOREA RP,0,0,26030000,0,0,2018,Feb,01-Feb-2018,Export
85,KGS,MUMBAI AIR,0,0,COPPER ORES AND CONCENTRATES,U S A,0,0,26030000,0,0,2018,Feb,01-Feb-2018,Export
89,KGS,KANDLA SEA,0,0,COPPER ORES AND CONCENTRATES,CHINA P RP,0,0,26030000,0,0,2018,Mar,01-Mar-2018,Export
90,KGS,KOLKATA SEA,0,0,COPPER ORES AND CONCENTRATES,CHINA P RP,0,0,26030000,0,0,2018,Mar,01-Mar-2018,Export
91,KGS,KOLKATA SEA,0,0,COPPER ORES AND CONCENTRATES,KOREA RP,0,0,26030000,0,0,2018,Mar,01-Mar-2018,Export
92,KGS,MUMBAI AIR,0,0,COPPER ORES AND CONCENTRATES,U S A,0,0,26030000,0,0,2018,Mar,01-Mar-2018,Export
18,KGS,KANDLA SEA,1091362662,15179000,COPPER ORES AND CONCENTRATES,CHINA P RP,16627425,1091362662,26030000,16627425,15179000,2018,Apr,01-Apr-2018,Export
27,KGS,KANDLA SEA,0,0,COPPER ORES AND CONCENTRATES,CHINA P RP,0,0,26030000,0,0,2018,May,01-May-2018,Export
28,KGS,KOLKATA SEA,6299735,238000,COPPER ORES AND CONCENTRATES,KOREA RP,93275,6299735,26030000,93275,238000,2018,May,01-May-2018,Export
29,KGS,NHAVA SHEVA SEA,43165,80,COPPER ORES AND CONCENTRATES,YEMEN REPUBLC,639,43165,26030000,639,80,2018,May,01-May-2018,Export
39,KGS,KANDLA SEA,1108144020,15164000,COPPER ORES AND CONCENTRATES,CHINA P RP,16345971,1108144020,26030000,16345971,15164000,2018,Jun,01-Jun-2018,Export
40,KGS,KOLKATA SEA,0,0,COPPER ORES AND CONCENTRATES,KOREA RP,0,0,26030000,0,0,2018,Jun,01-Jun-2018,Export
41,KGS,NHAVA SHEVA SEA,0,0,COPPER ORES AND CONCENTRATES,YEMEN REPUBLC,0,0,26030000,0,0,2018,Jun,01-Jun-2018,Export
49,KGS,KOLKATA SEA,3275640,243000,COPPER ORES AND CONCENTRATES,CHINA P RP,47685,3275640,26030000,47685,243000,2018,Jul,01-Jul-2018,Export
50,KGS,KANDLA SEA,0,0,COPPER ORES AND CONCENTRATES,CHINA P RP,0,0,26030000,0,0,2018,Jul,01-Jul-2018,Export
51,KGS,KOLKATA SEA,0,0,COPPER ORES AND CONCENTRATES,KOREA RP,0,0,26030000,0,0,2018,Jul,01-Jul-2018,Export
52,KGS,NHAVA SHEVA SEA,0,0,COPPER ORES AND CONCENTRATES,YEMEN REPUBLC,0,0,26030000,0,0,2018,Jul,01-Jul-2018,Export
66,KGS,KANDLA SEA,0,0,COPPER ORES AND CONCENTRATES,CHINA P RP,0,0,26030000,0,0,2018,Aug,01-Aug-2018,Export
67,KGS,KOLKATA SEA,0,0,COPPER ORES AND CONCENTRATES,CHINA P RP,0,0,26030000,0,0,2018,Aug,01-Aug-2018,Export
68,KGS,KOLKATA SEA,0,0,COPPER ORES AND CONCENTRATES,KOREA RP,0,0,26030000,0,0,2018,Aug,01-Aug-2018,Export
69,KGS,NHAVA SHEVA SEA,0,0,COPPER ORES AND CONCENTRATES,YEMEN REPUBLC,0,0,26030000,0,0,2018,Aug,01-Aug-2018,Export
72,KGS,KANDLA SEA,987924209,14437000,COPPER ORES AND CONCENTRATES,CHINA P RP,13680262,987924209,26030000,13680262,14437000,2018,Sep,01-Sep-2018,Export
73,KGS,KOLKATA SEA,0,0,COPPER ORES AND CONCENTRATES,CHINA P RP,0,0,26030000,0,0,2018,Sep,01-Sep-2018,Export
74,KGS,ICD KATHUWAS ALWAR,106402804,1607893,COPPER ORES AND CONCENTRATES,KOREA RP,1473411,106402804,26030000,1473411,1607893,2018,Sep,01-Sep-2018,Export
75,KGS,KOLKATA SEA,0,0,COPPER ORES AND CONCENTRATES,KOREA RP,0,0,26030000,0,0,2018,Sep,01-Sep-2018,Export
76,KGS,NHAVA SHEVA SEA,0,0,COPPER ORES AND CONCENTRATES,YEMEN REPUBLC,0,0,26030000,0,0,2018,Sep,01-Sep-2018,Export
77,KGS,VISAKHAPATNAM SEA,837934052,7241000,COPPER ORES AND CONCENTRATES,CHINA P RP,11379979,837934052,26030000,11379979,7241000,2018,Oct,01-Oct-2018,Export
78,KGS,KANDLA SEA,0,0,COPPER ORES AND CONCENTRATES,CHINA P RP,0,0,26030000,0,0,2018,Oct,01-Oct-2018,Export
79,KGS,KOLKATA SEA,0,0,COPPER ORES AND CONCENTRATES,CHINA P RP,0,0,26030000,0,0,2018,Oct,01-Oct-2018,Export
80,KGS,ICD KATHUWAS ALWAR,196333573,2966872,COPPER ORES AND CONCENTRATES,KOREA RP,2666406,196333573,26030000,2666406,2966872,2018,Oct,01-Oct-2018,Export
81,KGS,KOLKATA SEA,0,0,COPPER ORES AND CONCENTRATES,KOREA RP,0,0,26030000,0,0,2018,Oct,01-Oct-2018,Export
82,KGS,NHAVA SHEVA SEA,0,0,COPPER ORES AND CONCENTRATES,YEMEN REPUBLC,0,0,26030000,0,0,2018,Oct,01-Oct-2018,Export
82,KGS,KANDLA SEA,0,0,COPPER ORES AND CONCENTRATES,CHINA P RP,0,0,26030000,0,0,2018,Nov,01-Nov-2018,Export
83,KGS,VISAKHAPATNAM SEA,0,0,COPPER ORES AND CONCENTRATES,CHINA P RP,0,0,26030000,0,0,2018,Nov,01-Nov-2018,Export
84,KGS,KOLKATA SEA,0,0,COPPER ORES AND CONCENTRATES,CHINA P RP,0,0,26030000,0,0,2018,Nov,01-Nov-2018,Export
85,KGS,ICD KATHUWAS ALWAR,322803066,4582144,COPPER ORES AND CONCENTRATES,KOREA RP,4492473,322803066,26030000,4492473,4582144,2018,Nov,01-Nov-2018,Export
86,KGS,KOLKATA SEA,0,0,COPPER ORES AND CONCENTRATES,KOREA RP,0,0,26030000,0,0,2018,Nov,01-Nov-2018,Export
87,KGS,NHAVA SHEVA SEA,0,0,COPPER ORES AND CONCENTRATES,YEMEN REPUBLC,0,0,26030000,0,0,2018,Nov,01-Nov-2018,Export
85,KGS,TUTICORIN SEA,1936488585,25510000,COPPER ORES AND CONCENTRATES,CHINA P RP,27378177,1936488585,26030000,27378177,25510000,2018,Dec,01-Dec-2018,Export
86,KGS,KOLKATA SEA,7793472,239000,COPPER ORES AND CONCENTRATES,CHINA P RP,110185,7793472,26030000,110185,239000,2018,Dec,01-Dec-2018,Export
87,KGS,KANDLA SEA,0,0,COPPER ORES AND CONCENTRATES,CHINA P RP,0,0,26030000,0,0,2018,Dec,01-Dec-2018,Export
88,KGS,VISAKHAPATNAM SEA,0,0,COPPER ORES AND CONCENTRATES,CHINA P RP,0,0,26030000,0,0,2018,Dec,01-Dec-2018,Export
89,KGS,ICD KATHUWAS ALWAR,379377560,5504784,COPPER ORES AND CONCENTRATES,KOREA RP,5363660,379377560,26030000,5363660,5504784,2018,Dec,01-Dec-2018,Export
90,KGS,KOLKATA SEA,0,0,COPPER ORES AND CONCENTRATES,KOREA RP,0,0,26030000,0,0,2018,Dec,01-Dec-2018,Export
91,KGS,NHAVA SHEVA SEA,0,0,COPPER ORES AND CONCENTRATES,YEMEN REPUBLC,0,0,26030000,0,0,2018,Dec,01-Dec-2018,Export
91,KGS,KANDLA SEA,941843847,13800000,COPPER ORES AND CONCENTRATES,CHINA P RP,13315499,941843847,26030000,13315499,13800000,2019,Jan,01-Jan-2019,Export
92,KGS,KOLKATA SEA,0,0,COPPER ORES AND CONCENTRATES,CHINA P RP,0,0,26030000,0,0,2019,Jan,01-Jan-2019,Export
93,KGS,VISAKHAPATNAM SEA,0,0,COPPER ORES AND CONCENTRATES,CHINA P RP,0,0,26030000,0,0,2019,Jan,01-Jan-2019,Export
94,KGS,TUTICORIN SEA,0,0,COPPER ORES AND CONCENTRATES,CHINA P RP,0,0,26030000,0,0,2019,Jan,01-Jan-2019,Export
95,KGS,ICD KATHUWAS ALWAR,178664687,2616693,COPPER ORES AND CONCENTRATES,KOREA RP,2525906,178664687,26030000,2525906,2616693,2019,Jan,01-Jan-2019,Export
96,KGS,KOLKATA SEA,0,0,COPPER ORES AND CONCENTRATES,KOREA RP,0,0,26030000,0,0,2019,Jan,01-Jan-2019,Export
97,KGS,NHAVA SHEVA SEA,0,0,COPPER ORES AND CONCENTRATES,YEMEN REPUBLC,0,0,26030000,0,0,2019,Jan,01-Jan-2019,Export
93,KGS,TUTICORIN SEA,3849585662,26519000,COPPER ORES AND CONCENTRATES,CHINA P RP,54050665,3849585662,26030000,54050665,26519000,2019,Feb,01-Feb-2019,Export
94,KGS,KANDLA SEA,0,0,COPPER ORES AND CONCENTRATES,CHINA P RP,0,0,26030000,0,0,2019,Feb,01-Feb-2019,Export
95,KGS,VISAKHAPATNAM SEA,0,0,COPPER ORES AND CONCENTRATES,CHINA P RP,0,0,26030000,0,0,2019,Feb,01-Feb-2019,Export
96,KGS,KOLKATA SEA,0,0,COPPER ORES AND CONCENTRATES,CHINA P RP,0,0,26030000,0,0,2019,Feb,01-Feb-2019,Export
97,KGS,ICD KATHUWAS ALWAR,9727769,142471,COPPER ORES AND CONCENTRATES,KOREA RP,136584,9727769,26030000,136584,142471,2019,Feb,01-Feb-2019,Export
98,KGS,KOLKATA SEA,0,0,COPPER ORES AND CONCENTRATES,KOREA RP,0,0,26030000,0,0,2019,Feb,01-Feb-2019,Export
99,KGS,NHAVA SHEVA SEA,0,0,COPPER ORES AND CONCENTRATES,YEMEN REPUBLC,0,0,26030000,0,0,2019,Feb,01-Feb-2019,Export
101,KGS,TUTICORIN SEA,1329876052,16150000,COPPER ORES AND CONCENTRATES,CHINA P RP,19140801,1329876052,26030000,19140801,16150000,2019,Mar,01-Mar-2019,Export
102,KGS,VISAKHAPATNAM SEA,1008870633,9200000,COPPER ORES AND CONCENTRATES,CHINA P RP,14520595,1008870633,26030000,14520595,9200000,2019,Mar,01-Mar-2019,Export
103,KGS,KANDLA SEA,865473137,13110000,COPPER ORES AND CONCENTRATES,CHINA P RP,12456686,865473137,26030000,12456686,13110000,2019,Mar,01-Mar-2019,Export
104,KGS,KOLKATA SEA,0,0,COPPER ORES AND CONCENTRATES,CHINA P RP,0,0,26030000,0,0,2019,Mar,01-Mar-2019,Export
105,KGS,KOLKATA SEA,0,0,COPPER ORES AND CONCENTRATES,KOREA RP,0,0,26030000,0,0,2019,Mar,01-Mar-2019,Export
106,KGS,ICD KATHUWAS ALWAR,0,0,COPPER ORES AND CONCENTRATES,KOREA RP,0,0,26030000,0,0,2019,Mar,01-Mar-2019,Export
107,KGS,TUTICORIN SEA,1459397084,7191000,COPPER ORES AND CONCENTRATES,TAIWAN,21004987,1459397084,26030000,21004987,7191000,2019,Mar,01-Mar-2019,Export
108,KGS,NHAVA SHEVA SEA,0,0,COPPER ORES AND CONCENTRATES,YEMEN REPUBLC,0,0,26030000,0,0,2019,Mar,01-Mar-2019,Export
16,KGS,VISAKHAPATNAM SEA,1007767455,9190000,COPPER ORES AND CONCENTRATES,CHINA P RP,14515414,1007767455,26030000,14515414,9190000,2019,Apr,01-Apr-2019,Export
17,KGS,KOLKATA SEA,3536126,109000,COPPER ORES AND CONCENTRATES,VIETNAM SOC REP,50933,3536126,26030000,50933,109000,2019,Apr,01-Apr-2019,Export
32,KGS,ICD KATHUWAS ALWAR,507539489,7614950,COPPER ORES AND CONCENTRATES,CHINA P RP,7274143,507539489,26030000,7274143,7614950,2019,May,01-May-2019,Export
33,KGS,VISAKHAPATNAM SEA,0,0,COPPER ORES AND CONCENTRATES,CHINA P RP,0,0,26030000,0,0,2019,May,01-May-2019,Export
34,KGS,KOLKATA SEA,0,0,COPPER ORES AND CONCENTRATES,VIETNAM SOC REP,0,0,26030000,0,0,2019,May,01-May-2019,Export
47,KGS,ICD KATHUWAS ALWAR,398658009,5979274,COPPER ORES AND CONCENTRATES,CHINA P RP,5741134,398658009,26030000,5741134,5979274,2019,Jun,01-Jun-2019,Export
48,KGS,VISAKHAPATNAM SEA,0,0,COPPER ORES AND CONCENTRATES,CHINA P RP,0,0,26030000,0,0,2019,Jun,01-Jun-2019,Export
49,KGS,KOLKATA SEA,0,0,COPPER ORES AND CONCENTRATES,VIETNAM SOC REP,0,0,26030000,0,0,2019,Jun,01-Jun-2019,Export
51,KGS,TUTICORIN SEA,800399628,9766000,COPPER ORES AND CONCENTRATES,CHINA P RP,11632312,800399628,26030000,11632312,9766000,2019,Jul,01-Jul-2019,Export
52,KGS,ICD KATHUWAS ALWAR,159160584,2420916,COPPER ORES AND CONCENTRATES,CHINA P RP,2313102,159160584,26030000,2313102,2420916,2019,Jul,01-Jul-2019,Export
53,KGS,VISAKHAPATNAM SEA,0,0,COPPER ORES AND CONCENTRATES,CHINA P RP,0,0,26030000,0,0,2019,Jul,01-Jul-2019,Export
54,KGS,TUTICORIN SEA,2901862642,17281000,COPPER ORES AND CONCENTRATES,MALAYSIA,42173148,2901862642,26030000,42173148,17281000,2019,Jul,01-Jul-2019,Export
55,KGS,KOLKATA SEA,0,0,COPPER ORES AND CONCENTRATES,VIETNAM SOC REP,0,0,26030000,0,0,2019,Jul,01-Jul-2019,Export
56,KGS,TUTICORIN SEA,5297620706,56593000,COPPER ORES AND CONCENTRATES,CHINA P RP,74461573,5297620706,26030000,74461573,56593000,2019,Aug,01-Aug-2019,Export
57,KGS,VISAKHAPATNAM SEA,0,0,COPPER ORES AND CONCENTRATES,CHINA P RP,0,0,26030000,0,0,2019,Aug,01-Aug-2019,Export
58,KGS,ICD KATHUWAS ALWAR,0,0,COPPER ORES AND CONCENTRATES,CHINA P RP,0,0,26030000,0,0,2019,Aug,01-Aug-2019,Export
59,KGS,TUTICORIN SEA,0,0,COPPER ORES AND CONCENTRATES,MALAYSIA,0,0,26030000,0,0,2019,Aug,01-Aug-2019,Export
60,KGS,KOLKATA SEA,0,0,COPPER ORES AND CONCENTRATES,VIETNAM SOC REP,0,0,26030000,0,0,2019,Aug,01-Aug-2019,Export
58,KGS,TUTICORIN SEA,2525049498,33133000,COPPER ORES AND CONCENTRATES,CHINA P RP,35397708,2525049498,26030000,35397708,33133000,2019,Sep,01-Sep-2019,Export
59,KGS,KANDLA SEA,632327243,9197000,COPPER ORES AND CONCENTRATES,CHINA P RP,8864355,632327243,26030000,8864355,9197000,2019,Sep,01-Sep-2019,Export
60,KGS,VISAKHAPATNAM SEA,0,0,COPPER ORES AND CONCENTRATES,CHINA P RP,0,0,26030000,0,0,2019,Sep,01-Sep-2019,Export
61,KGS,ICD KATHUWAS ALWAR,0,0,COPPER ORES AND CONCENTRATES,CHINA P RP,0,0,26030000,0,0,2019,Sep,01-Sep-2019,Export
62,KGS,TUTICORIN SEA,890475651,11452000,COPPER ORES AND CONCENTRATES,MALAYSIA,12483239,890475651,26030000,12483239,11452000,2019,Sep,01-Sep-2019,Export
63,KGS,TUTICORIN SEA,2713968128,21046000,COPPER ORES AND CONCENTRATES,TAIWAN,38046087,2713968128,26030000,38046087,21046000,2019,Sep,01-Sep-2019,Export
64,KGS,KOLKATA SEA,0,0,COPPER ORES AND CONCENTRATES,VIETNAM SOC REP,0,0,26030000,0,0,2019,Sep,01-Sep-2019,Export
63,KGS,VISAKHAPATNAM SEA,1010852843,9209000,COPPER ORES AND CONCENTRATES,CHINA P RP,14229468,1010852843,26030000,14229468,9209000,2019,Oct,01-Oct-2019,Export
64,KGS,ICD KATHUWAS ALWAR,329812574,5029015,COPPER ORES AND CONCENTRATES,CHINA P RP,4642671,329812574,26030000,4642671,5029015,2019,Oct,01-Oct-2019,Export
65,KGS,KANDLA SEA,0,0,COPPER ORES AND CONCENTRATES,CHINA P RP,0,0,26030000,0,0,2019,Oct,01-Oct-2019,Export
66,KGS,TUTICORIN SEA,0,0,COPPER ORES AND CONCENTRATES,CHINA P RP,0,0,26030000,0,0,2019,Oct,01-Oct-2019,Export
67,KGS,TUTICORIN SEA,0,0,COPPER ORES AND CONCENTRATES,MALAYSIA,0,0,26030000,0,0,2019,Oct,01-Oct-2019,Export
68,KGS,TUTICORIN SEA,0,0,COPPER ORES AND CONCENTRATES,TAIWAN,0,0,26030000,0,0,2019,Oct,01-Oct-2019,Export
69,KGS,KOLKATA SEA,0,0,COPPER ORES AND CONCENTRATES,VIETNAM SOC REP,0,0,26030000,0,0,2019,Oct,01-Oct-2019,Export
69,KGS,KANDLA SEA,0,0,COPPER ORES AND CONCENTRATES,CHINA P RP,0,0,26030000,0,0,2019,Nov,01-Nov-2019,Export
70,KGS,ICD KATHUWAS ALWAR,0,0,COPPER ORES AND CONCENTRATES,CHINA P RP,0,0,26030000,0,0,2019,Nov,01-Nov-2019,Export
71,KGS,VISAKHAPATNAM SEA,0,0,COPPER ORES AND CONCENTRATES,CHINA P RP,0,0,26030000,0,0,2019,Nov,01-Nov-2019,Export
72,KGS,TUTICORIN SEA,0,0,COPPER ORES AND CONCENTRATES,CHINA P RP,0,0,26030000,0,0,2019,Nov,01-Nov-2019,Export
73,KGS,TUTICORIN SEA,0,0,COPPER ORES AND CONCENTRATES,MALAYSIA,0,0,26030000,0,0,2019,Nov,01-Nov-2019,Export
74,KGS,TUTICORIN SEA,0,0,COPPER ORES AND CONCENTRATES,TAIWAN,0,0,26030000,0,0,2019,Nov,01-Nov-2019,Export
75,KGS,KOLKATA SEA,0,0,COPPER ORES AND CONCENTRATES,VIETNAM SOC REP,0,0,26030000,0,0,2019,Nov,01-Nov-2019,Export
72,KGS,KANDLA SEA,0,0,COPPER ORES AND CONCENTRATES,CHINA P RP,0,0,26030000,0,0,2019,Dec,01-Dec-2019,Export
73,KGS,ICD KATHUWAS ALWAR,0,0,COPPER ORES AND CONCENTRATES,CHINA P RP,0,0,26030000,0,0,2019,Dec,01-Dec-2019,Export
74,KGS,VISAKHAPATNAM SEA,0,0,COPPER ORES AND CONCENTRATES,CHINA P RP,0,0,26030000,0,0,2019,Dec,01-Dec-2019,Export
75,KGS,TUTICORIN SEA,0,0,COPPER ORES AND CONCENTRATES,CHINA P RP,0,0,26030000,0,0,2019,Dec,01-Dec-2019,Export
76,KGS,TUTICORIN SEA,0,0,COPPER ORES AND CONCENTRATES,MALAYSIA,0,0,26030000,0,0,2019,Dec,01-Dec-2019,Export
77,KGS,TUTICORIN SEA,0,0,COPPER ORES AND CONCENTRATES,TAIWAN,0,0,26030000,0,0,2019,Dec,01-Dec-2019,Export
78,KGS,KOLKATA SEA,0,0,COPPER ORES AND CONCENTRATES,VIETNAM SOC REP,0,0,26030000,0,0,2019,Dec,01-Dec-2019,Export
76,KGS,MUMBAI AIR,444,12,COPPER ORES AND CONCENTRATES,AUSTRALIA,6,444,26030000,6,12,2020,Jan,01-Jan-2020,Export
77,KGS,CONCOR ICD NAYA RAIPUR,919003235,8236000,COPPER ORES AND CONCENTRATES,CHINA P RP,12886752,919003235,26030000,12886752,8236000,2020,Jan,01-Jan-2020,Export
78,KGS,KATTUPALLI PORT/ TIRUVALLUR,1882101,125000,COPPER ORES AND CONCENTRATES,CHINA P RP,26392,1882101,26030000,26392,125000,2020,Jan,01-Jan-2020,Export
79,KGS,KANDLA SEA,0,0,COPPER ORES AND CONCENTRATES,CHINA P RP,0,0,26030000,0,0,2020,Jan,01-Jan-2020,Export
80,KGS,ICD KATHUWAS ALWAR,0,0,COPPER ORES AND CONCENTRATES,CHINA P RP,0,0,26030000,0,0,2020,Jan,01-Jan-2020,Export
81,KGS,VISAKHAPATNAM SEA,0,0,COPPER ORES AND CONCENTRATES,CHINA P RP,0,0,26030000,0,0,2020,Jan,01-Jan-2020,Export
82,KGS,TUTICORIN SEA,0,0,COPPER ORES AND CONCENTRATES,CHINA P RP,0,0,26030000,0,0,2020,Jan,01-Jan-2020,Export
83,KGS,TUTICORIN SEA,0,0,COPPER ORES AND CONCENTRATES,MALAYSIA,0,0,26030000,0,0,2020,Jan,01-Jan-2020,Export
84,KGS,TUTICORIN SEA,0,0,COPPER ORES AND CONCENTRATES,TAIWAN,0,0,26030000,0,0,2020,Jan,01-Jan-2020,Export
85,KGS,MUMBAI AIR,1757,50,COPPER ORES AND CONCENTRATES,U K,25,1757,26030000,25,50,2020,Jan,01-Jan-2020,Export
86,KGS,AHMEDABAD AIR CARGO COMPLEX,1974,25,COPPER ORES AND CONCENTRATES,U S A,28,1974,26030000,28,25,2020,Jan,01-Jan-2020,Export
87,KGS,KOLKATA SEA,0,0,COPPER ORES AND CONCENTRATES,VIETNAM SOC REP,0,0,26030000,0,0,2020,Jan,01-Jan-2020,Export
78,KGS,MUMBAI AIR,213,6,COPPER ORES AND CONCENTRATES,AUSTRALIA,3,213,26030000,3,6,2020,Feb,01-Feb-2020,Export
79,KGS,CONCOR ICD NAYA RAIPUR,105179204,946000,COPPER ORES AND CONCENTRATES,CHINA P RP,1471274,105179204,26030000,1471274,946000,2020,Feb,01-Feb-2020,Export
80,KGS,NHAVA SHEVA SEA,8983155,708000,COPPER ORES AND CONCENTRATES,CHINA P RP,125659,8983155,26030000,125659,708000,2020,Feb,01-Feb-2020,Export
81,KGS,KANDLA SEA,0,0,COPPER ORES AND CONCENTRATES,CHINA P RP,0,0,26030000,0,0,2020,Feb,01-Feb-2020,Export
82,KGS,ICD KATHUWAS ALWAR,0,0,COPPER ORES AND CONCENTRATES,CHINA P RP,0,0,26030000,0,0,2020,Feb,01-Feb-2020,Export
83,KGS,KATTUPALLI PORT/ TIRUVALLUR,0,0,COPPER ORES AND CONCENTRATES,CHINA P RP,0,0,26030000,0,0,2020,Feb,01-Feb-2020,Export
84,KGS,VISAKHAPATNAM SEA,0,0,COPPER ORES AND CONCENTRATES,CHINA P RP,0,0,26030000,0,0,2020,Feb,01-Feb-2020,Export
85,KGS,TUTICORIN SEA,0,0,COPPER ORES AND CONCENTRATES,CHINA P RP,0,0,26030000,0,0,2020,Feb,01-Feb-2020,Export
86,KGS,TUTICORIN SEA,0,0,COPPER ORES AND CONCENTRATES,MALAYSIA,0,0,26030000,0,0,2020,Feb,01-Feb-2020,Export
87,KGS,TUTICORIN SEA,0,0,COPPER ORES AND CONCENTRATES,TAIWAN,0,0,26030000,0,0,2020,Feb,01-Feb-2020,Export
88,KGS,MUMBAI AIR,696,20,COPPER ORES AND CONCENTRATES,U K,10,696,26030000,10,20,2020,Feb,01-Feb-2020,Export
89,KGS,AHMEDABAD AIR CARGO COMPLEX,0,0,COPPER ORES AND CONCENTRATES,U S A,0,0,26030000,0,0,2020,Feb,01-Feb-2020,Export
90,KGS,KOLKATA SEA,0,0,COPPER ORES AND CONCENTRATES,VIETNAM SOC REP,0,0,26030000,0,0,2020,Feb,01-Feb-2020,Export
81,KGS,MUMBAI AIR,0,0,COPPER ORES AND CONCENTRATES,AUSTRALIA,0,0,26030000,0,0,2020,Mar,01-Mar-2020,Export
82,KGS,NHAVA SHEVA SEA,11477208,879000,COPPER ORES AND CONCENTRATES,CHINA P RP,154366,11477208,26030000,154366,879000,2020,Mar,01-Mar-2020,Export
83,KGS,KOLKATA SEA,4254216,305000,COPPER ORES AND CONCENTRATES,CHINA P RP,57218,4254216,26030000,57218,305000,2020,Mar,01-Mar-2020,Export
84,KGS,CHENNAI SEA,3846692,241000,COPPER ORES AND CONCENTRATES,CHINA P RP,51737,3846692,26030000,51737,241000,2020,Mar,01-Mar-2020,Export
85,KGS,KANDLA SEA,0,0,COPPER ORES AND CONCENTRATES,CHINA P RP,0,0,26030000,0,0,2020,Mar,01-Mar-2020,Export
86,KGS,ICD KATHUWAS ALWAR,0,0,COPPER ORES AND CONCENTRATES,CHINA P RP,0,0,26030000,0,0,2020,Mar,01-Mar-2020,Export
87,KGS,VISAKHAPATNAM SEA,0,0,COPPER ORES AND CONCENTRATES,CHINA P RP,0,0,26030000,0,0,2020,Mar,01-Mar-2020,Export
88,KGS,KATTUPALLI PORT/ TIRUVALLUR,0,0,COPPER ORES AND CONCENTRATES,CHINA P RP,0,0,26030000,0,0,2020,Mar,01-Mar-2020,Export
89,KGS,TUTICORIN SEA,0,0,COPPER ORES AND CONCENTRATES,CHINA P RP,0,0,26030000,0,0,2020,Mar,01-Mar-2020,Export
90,KGS,CONCOR ICD NAYA RAIPUR,0,0,COPPER ORES AND CONCENTRATES,CHINA P RP,0,0,26030000,0,0,2020,Mar,01-Mar-2020,Export
91,KGS,KRIBHO INFRA LTD.ICD (HARYANA),215991745,3180878,COPPER ORES AND CONCENTRATES,KOREA RP,2905040,215991745,26030000,2905040,3180878,2020,Mar,01-Mar-2020,Export
92,KGS,TUTICORIN SEA,0,0,COPPER ORES AND CONCENTRATES,MALAYSIA,0,0,26030000,0,0,2020,Mar,01-Mar-2020,Export
93,KGS,TUTICORIN SEA,0,0,COPPER ORES AND CONCENTRATES,TAIWAN,0,0,26030000,0,0,2020,Mar,01-Mar-2020,Export
94,KGS,"HAZIRA PORT, SURAT",1294582,18000,COPPER ORES AND CONCENTRATES,THAILAND,17412,1294582,26030000,17412,18000,2020,Mar,01-Mar-2020,Export
95,KGS,MUMBAI AIR,0,0,COPPER ORES AND CONCENTRATES,U K,0,0,26030000,0,0,2020,Mar,01-Mar-2020,Export
96,KGS,AHMEDABAD AIR CARGO COMPLEX,0,0,COPPER ORES AND CONCENTRATES,U S A,0,0,26030000,0,0,2020,Mar,01-Mar-2020,Export
97,KGS,KOLKATA SEA,0,0,COPPER ORES AND CONCENTRATES,VIETNAM SOC REP,0,0,26030000,0,0,2020,Mar,01-Mar-2020,Export
2,KGS,VISAKHAPATNAM SEA,1117935067,9164000,COPPER ORES AND CONCENTRATES,CHINA P RP,14664040,1117935067,26030000,14664040,9164000,2020,Apr,01-Apr-2020,Export
3,KGS,KRIBHO INFRA LTD.ICD (HARYANA),99116778,1402788,COPPER ORES AND CONCENTRATES,KOREA RP,1300122,99116778,26030000,1300122,1402788,2020,Apr,01-Apr-2020,Export
8,KGS,ICD BORKHEDI,217480208,1925000,COPPER ORES AND CONCENTRATES,CHINA P RP,2874445,217480208,26030000,2874445,1925000,2020,May,01-May-2020,Export
9,KGS,VISAKHAPATNAM SEA,0,0,COPPER ORES AND CONCENTRATES,CHINA P RP,0,0,26030000,0,0,2020,May,01-May-2020,Export
10,KGS,KRIBHO INFRA LTD.ICD (HARYANA),0,0,COPPER ORES AND CONCENTRATES,KOREA RP,0,0,26030000,0,0,2020,May,01-May-2020,Export
28,KGS,KANDLA SEA,616373378,9230000,COPPER ORES AND CONCENTRATES,CHINA P RP,8139435,616373378,26030000,8139435,9230000,2020,Jun,01-Jun-2020,Export
29,KGS,ICD BORKHEDI,602349847,5319000,COPPER ORES AND CONCENTRATES,CHINA P RP,7954249,602349847,26030000,7954249,5319000,2020,Jun,01-Jun-2020,Export
30,KGS,CONCOR ICD/MMLP KHAPRI NAGPUR,34565870,300000,COPPER ORES AND CONCENTRATES,CHINA P RP,456455,34565870,26030000,456455,300000,2020,Jun,01-Jun-2020,Export
31,KGS,KOLKATA SEA,1828564,160000,COPPER ORES AND CONCENTRATES,CHINA P RP,24147,1828564,26030000,24147,160000,2020,Jun,01-Jun-2020,Export
32,KGS,VISAKHAPATNAM SEA,0,0,COPPER ORES AND CONCENTRATES,CHINA P RP,0,0,26030000,0,0,2020,Jun,01-Jun-2020,Export
33,KGS,KRIBHO INFRA LTD.ICD (HARYANA),0,0,COPPER ORES AND CONCENTRATES,KOREA RP,0,0,26030000,0,0,2020,Jun,01-Jun-2020,Export
38,KGS,CHENNAI AIR,160,0,COPPER ORES AND CONCENTRATES,CANADA,2,160,26030000,2,0,2020,Jul,01-Jul-2020,Export
39,KGS,KANDLA SEA,656750221,9085000,COPPER ORES AND CONCENTRATES,CHINA P RP,8757440,656750221,26030000,8757440,9085000,2020,Jul,01-Jul-2020,Export
40,KGS,NHAVA SHEVA SEA,6590054,554000,COPPER ORES AND CONCENTRATES,CHINA P RP,87875,6590054,26030000,87875,554000,2020,Jul,01-Jul-2020,Export
41,KGS,KOLKATA SEA,0,0,COPPER ORES AND CONCENTRATES,CHINA P RP,0,0,26030000,0,0,2020,Jul,01-Jul-2020,Export
42,KGS,VISAKHAPATNAM SEA,0,0,COPPER ORES AND CONCENTRATES,CHINA P RP,0,0,26030000,0,0,2020,Jul,01-Jul-2020,Export
43,KGS,ICD BORKHEDI,0,0,COPPER ORES AND CONCENTRATES,CHINA P RP,0,0,26030000,0,0,2020,Jul,01-Jul-2020,Export
44,KGS,CONCOR ICD/MMLP KHAPRI NAGPUR,0,0,COPPER ORES AND CONCENTRATES,CHINA P RP,0,0,26030000,0,0,2020,Jul,01-Jul-2020,Export
45,KGS,KRIBHO INFRA LTD.ICD (HARYANA),0,0,COPPER ORES AND CONCENTRATES,KOREA RP,0,0,26030000,0,0,2020,Jul,01-Jul-2020,Export
43,KGS,CHENNAI AIR,0,0,COPPER ORES AND CONCENTRATES,CANADA,0,0,26030000,0,0,2020,Aug,01-Aug-2020,Export
44,KGS,KANDLA SEA,550880607,6738000,COPPER ORES AND CONCENTRATES,CHINA P RP,7377348,550880607,26030000,7377348,6738000,2020,Aug,01-Aug-2020,Export
45,KGS,CONCOR ICD NAYA RAIPUR,493517608,3750000,COPPER ORES AND CONCENTRATES,CHINA P RP,6609148,493517608,26030000,6609148,3750000,2020,Aug,01-Aug-2020,Export
46,KGS,CHENNAI SEA,27220123,2133000,COPPER ORES AND CONCENTRATES,CHINA P RP,364530,27220123,26030000,364530,2133000,2020,Aug,01-Aug-2020,Export
47,KGS,KOLKATA SEA,1869986,156000,COPPER ORES AND CONCENTRATES,CHINA P RP,25043,1869986,26030000,25043,156000,2020,Aug,01-Aug-2020,Export
48,KGS,CONCOR ICD/MMLP KHAPRI NAGPUR,0,0,COPPER ORES AND CONCENTRATES,CHINA P RP,0,0,26030000,0,0,2020,Aug,01-Aug-2020,Export
49,KGS,VISAKHAPATNAM SEA,0,0,COPPER ORES AND CONCENTRATES,CHINA P RP,0,0,26030000,0,0,2020,Aug,01-Aug-2020,Export
50,KGS,ICD BORKHEDI,0,0,COPPER ORES AND CONCENTRATES,CHINA P RP,0,0,26030000,0,0,2020,Aug,01-Aug-2020,Export
51,KGS,NHAVA SHEVA SEA,0,0,COPPER ORES AND CONCENTRATES,CHINA P RP,0,0,26030000,0,0,2020,Aug,01-Aug-2020,Export
52,KGS,KRIBHO INFRA LTD.ICD (HARYANA),0,0,COPPER ORES AND CONCENTRATES,KOREA RP,0,0,26030000,0,0,2020,Aug,01-Aug-2020,Export
50,KGS,CHENNAI AIR,0,0,COPPER ORES AND CONCENTRATES,CANADA,0,0,26030000,0,0,2020,Sep,01-Sep-2020,Export
51,KGS,CONCOR ICD NAYA RAIPUR,354557660,2749000,COPPER ORES AND CONCENTRATES,CHINA P RP,4825115,354557660,26030000,4825115,2749000,2020,Sep,01-Sep-2020,Export
52,KGS,KANDLA SEA,0,0,COPPER ORES AND CONCENTRATES,CHINA P RP,0,0,26030000,0,0,2020,Sep,01-Sep-2020,Export
53,KGS,CHENNAI SEA,0,0,COPPER ORES AND CONCENTRATES,CHINA P RP,0,0,26030000,0,0,2020,Sep,01-Sep-2020,Export
54,KGS,VISAKHAPATNAM SEA,0,0,COPPER ORES AND CONCENTRATES,CHINA P RP,0,0,26030000,0,0,2020,Sep,01-Sep-2020,Export
55,KGS,ICD BORKHEDI,0,0,COPPER ORES AND CONCENTRATES,CHINA P RP,0,0,26030000,0,0,2020,Sep,01-Sep-2020,Export
56,KGS,NHAVA SHEVA SEA,0,0,COPPER ORES AND CONCENTRATES,CHINA P RP,0,0,26030000,0,0,2020,Sep,01-Sep-2020,Export
57,KGS,CONCOR ICD/MMLP KHAPRI NAGPUR,0,0,COPPER ORES AND CONCENTRATES,CHINA P RP,0,0,26030000,0,0,2020,Sep,01-Sep-2020,Export
58,KGS,KOLKATA SEA,0,0,COPPER ORES AND CONCENTRATES,CHINA P RP,0,0,26030000,0,0,2020,Sep,01-Sep-2020,Export
59,KGS,KRIBHO INFRA LTD.ICD (HARYANA),0,0,COPPER ORES AND CONCENTRATES,KOREA RP,0,0,26030000,0,0,2020,Sep,01-Sep-2020,Export
59,KGS,CHENNAI AIR,0,0,COPPER ORES AND CONCENTRATES,CANADA,0,0,26030000,0,0,2020,Oct,01-Oct-2020,Export
60,KGS,KANDLA SEA,303645976,3680000,COPPER ORES AND CONCENTRATES,CHINA P RP,4133594,303645976,26030000,4133594,3680000,2020,Oct,01-Oct-2020,Export
61,KGS,KOLKATA SEA,0,0,COPPER ORES AND CONCENTRATES,CHINA P RP,0,0,26030000,0,0,2020,Oct,01-Oct-2020,Export
62,KGS,CHENNAI SEA,0,0,COPPER ORES AND CONCENTRATES,CHINA P RP,0,0,26030000,0,0,2020,Oct,01-Oct-2020,Export
63,KGS,VISAKHAPATNAM SEA,0,0,COPPER ORES AND CONCENTRATES,CHINA P RP,0,0,26030000,0,0,2020,Oct,01-Oct-2020,Export
64,KGS,ICD BORKHEDI,0,0,COPPER ORES AND CONCENTRATES,CHINA P RP,0,0,26030000,0,0,2020,Oct,01-Oct-2020,Export
65,KGS,NHAVA SHEVA SEA,0,0,COPPER ORES AND CONCENTRATES,CHINA P RP,0,0,26030000,0,0,2020,Oct,01-Oct-2020,Export
66,KGS,CONCOR ICD/MMLP KHAPRI NAGPUR,0,0,COPPER ORES AND CONCENTRATES,CHINA P RP,0,0,26030000,0,0,2020,Oct,01-Oct-2020,Export
67,KGS,CONCOR ICD NAYA RAIPUR,0,0,COPPER ORES AND CONCENTRATES,CHINA P RP,0,0,26030000,0,0,2020,Oct,01-Oct-2020,Export
68,KGS,KRIBHO INFRA LTD.ICD (HARYANA),0,0,COPPER ORES AND CONCENTRATES,KOREA RP,0,0,26030000,0,0,2020,Oct,01-Oct-2020,Export
66,KGS,CHENNAI AIR,0,0,COPPER ORES AND CONCENTRATES,CANADA,0,0,26030000,0,0,2020,Nov,01-Nov-2020,Export
67,KGS,KOLKATA SEA,250502694,2324000,COPPER ORES AND CONCENTRATES,CHINA P RP,3375146,250502694,26030000,3375146,2324000,2020,Nov,01-Nov-2020,Export
68,KGS,KANDLA SEA,225724312,2736000,COPPER ORES AND CONCENTRATES,CHINA P RP,3041295,225724312,26030000,3041295,2736000,2020,Nov,01-Nov-2020,Export
69,KGS,CONCOR ICD NAYA RAIPUR,0,0,COPPER ORES AND CONCENTRATES,CHINA P RP,0,0,26030000,0,0,2020,Nov,01-Nov-2020,Export
70,KGS,CHENNAI SEA,0,0,COPPER ORES AND CONCENTRATES,CHINA P RP,0,0,26030000,0,0,2020,Nov,01-Nov-2020,Export
71,KGS,VISAKHAPATNAM SEA,0,0,COPPER ORES AND CONCENTRATES,CHINA P RP,0,0,26030000,0,0,2020,Nov,01-Nov-2020,Export
72,KGS,ICD BORKHEDI,0,0,COPPER ORES AND CONCENTRATES,CHINA P RP,0,0,26030000,0,0,2020,Nov,01-Nov-2020,Export
73,KGS,NHAVA SHEVA SEA,0,0,COPPER ORES AND CONCENTRATES,CHINA P RP,0,0,26030000,0,0,2020,Nov,01-Nov-2020,Export
74,KGS,CONCOR ICD/MMLP KHAPRI NAGPUR,0,0,COPPER ORES AND CONCENTRATES,CHINA P RP,0,0,26030000,0,0,2020,Nov,01-Nov-2020,Export
75,KGS,KRIBHO INFRA LTD.ICD (HARYANA),0,0,COPPER ORES AND CONCENTRATES,KOREA RP,0,0,26030000,0,0,2020,Nov,01-Nov-2020,Export
73,KGS,CHENNAI AIR,0,0,COPPER ORES AND CONCENTRATES,CANADA,0,0,26030000,0,0,2020,Dec,01-Dec-2020,Export
74,KGS,KANDLA SEA,0,0,COPPER ORES AND CONCENTRATES,CHINA P RP,0,0,26030000,0,0,2020,Dec,01-Dec-2020,Export
75,KGS,CHENNAI SEA,0,0,COPPER ORES AND CONCENTRATES,CHINA P RP,0,0,26030000,0,0,2020,Dec,01-Dec-2020,Export
76,KGS,VISAKHAPATNAM SEA,0,0,COPPER ORES AND CONCENTRATES,CHINA P RP,0,0,26030000,0,0,2020,Dec,01-Dec-2020,Export
77,KGS,ICD BORKHEDI,0,0,COPPER ORES AND CONCENTRATES,CHINA P RP,0,0,26030000,0,0,2020,Dec,01-Dec-2020,Export
78,KGS,NHAVA SHEVA SEA,0,0,COPPER ORES AND CONCENTRATES,CHINA P RP,0,0,26030000,0,0,2020,Dec,01-Dec-2020,Export
79,KGS,CONCOR ICD/MMLP KHAPRI NAGPUR,0,0,COPPER ORES AND CONCENTRATES,CHINA P RP,0,0,26030000,0,0,2020,Dec,01-Dec-2020,Export
80,KGS,CONCOR ICD NAYA RAIPUR,0,0,COPPER ORES AND CONCENTRATES,CHINA P RP,0,0,26030000,0,0,2020,Dec,01-Dec-2020,Export
81,KGS,KOLKATA SEA,0,0,COPPER ORES AND CONCENTRATES,CHINA P RP,0,0,26030000,0,0,2020,Dec,01-Dec-2020,Export
82,KGS,KRIBHO INFRA LTD.ICD (HARYANA),0,0,COPPER ORES AND CONCENTRATES,KOREA RP,0,0,26030000,0,0,2020,Dec,01-Dec-2020,Export
80,KGS,CHENNAI AIR,0,0,COPPER ORES AND CONCENTRATES,CANADA,0,0,26030000,0,0,2021,Jan,01-Jan-2021,Export
81,KGS,KANDLA SEA,933586217,10109000,COPPER ORES AND CONCENTRATES,CHINA P RP,12769715,933586217,26030000,12769715,10109000,2021,Jan,01-Jan-2021,Export
82,KGS,CONCOR ICD NAYA RAIPUR,0,0,COPPER ORES AND CONCENTRATES,CHINA P RP,0,0,26030000,0,0,2021,Jan,01-Jan-2021,Export
83,KGS,CHENNAI SEA,0,0,COPPER ORES AND CONCENTRATES,CHINA P RP,0,0,26030000,0,0,2021,Jan,01-Jan-2021,Export
84,KGS,VISAKHAPATNAM SEA,0,0,COPPER ORES AND CONCENTRATES,CHINA P RP,0,0,26030000,0,0,2021,Jan,01-Jan-2021,Export
85,KGS,ICD BORKHEDI,0,0,COPPER ORES AND CONCENTRATES,CHINA P RP,0,0,26030000,0,0,2021,Jan,01-Jan-2021,Export
86,KGS,NHAVA SHEVA SEA,0,0,COPPER ORES AND CONCENTRATES,CHINA P RP,0,0,26030000,0,0,2021,Jan,01-Jan-2021,Export
87,KGS,CONCOR ICD/MMLP KHAPRI NAGPUR,0,0,COPPER ORES AND CONCENTRATES,CHINA P RP,0,0,26030000,0,0,2021,Jan,01-Jan-2021,Export
88,KGS,KOLKATA SEA,0,0,COPPER ORES AND CONCENTRATES,CHINA P RP,0,0,26030000,0,0,2021,Jan,01-Jan-2021,Export
89,KGS,KRIBHO INFRA LTD.ICD (HARYANA),0,0,COPPER ORES AND CONCENTRATES,KOREA RP,0,0,26030000,0,0,2021,Jan,01-Jan-2021,Export
88,KGS,CHENNAI AIR,0,0,COPPER ORES AND CONCENTRATES,CANADA,0,0,26030000,0,0,2021,Feb,01-Feb-2021,Export
89,KGS,KANDLA SEA,0,0,COPPER ORES AND CONCENTRATES,CHINA P RP,0,0,26030000,0,0,2021,Feb,01-Feb-2021,Export
90,KGS,CHENNAI SEA,0,0,COPPER ORES AND CONCENTRATES,CHINA P RP,0,0,26030000,0,0,2021,Feb,01-Feb-2021,Export
91,KGS,VISAKHAPATNAM SEA,0,0,COPPER ORES AND CONCENTRATES,CHINA P RP,0,0,26030000,0,0,2021,Feb,01-Feb-2021,Export
92,KGS,ICD BORKHEDI,0,0,COPPER ORES AND CONCENTRATES,CHINA P RP,0,0,26030000,0,0,2021,Feb,01-Feb-2021,Export
93,KGS,NHAVA SHEVA SEA,0,0,COPPER ORES AND CONCENTRATES,CHINA P RP,0,0,26030000,0,0,2021,Feb,01-Feb-2021,Export
94,KGS,CONCOR ICD/MMLP KHAPRI NAGPUR,0,0,COPPER ORES AND CONCENTRATES,CHINA P RP,0,0,26030000,0,0,2021,Feb,01-Feb-2021,Export
95,KGS,CONCOR ICD NAYA RAIPUR,0,0,COPPER ORES AND CONCENTRATES,CHINA P RP,0,0,26030000,0,0,2021,Feb,01-Feb-2021,Export
96,KGS,KOLKATA SEA,0,0,COPPER ORES AND CONCENTRATES,CHINA P RP,0,0,26030000,0,0,2021,Feb,01-Feb-2021,Export
97,KGS,KRIBHO INFRA LTD.ICD (HARYANA),0,0,COPPER ORES AND CONCENTRATES,KOREA RP,0,0,26030000,0,0,2021,Feb,01-Feb-2021,Export
94,KGS,CHENNAI AIR,0,0,COPPER ORES AND CONCENTRATES,CANADA,0,0,26030000,0,0,2021,Mar,01-Mar-2021,Export
95,KGS,KANDLA SEA,1194880187,10948000,COPPER ORES AND CONCENTRATES,CHINA P RP,16414813,1194880187,26030000,16414813,10948000,2021,Mar,01-Mar-2021,Export
96,KGS,KOLKATA SEA,0,0,COPPER ORES AND CONCENTRATES,CHINA P RP,0,0,26030000,0,0,2021,Mar,01-Mar-2021,Export
97,KGS,CHENNAI SEA,0,0,COPPER ORES AND CONCENTRATES,CHINA P RP,0,0,26030000,0,0,2021,Mar,01-Mar-2021,Export
98,KGS,VISAKHAPATNAM SEA,0,0,COPPER ORES AND CONCENTRATES,CHINA P RP,0,0,26030000,0,0,2021,Mar,01-Mar-2021,Export
99,KGS,ICD BORKHEDI,0,0,COPPER ORES AND CONCENTRATES,CHINA P RP,0,0,26030000,0,0,2021,Mar,01-Mar-2021,Export
100,KGS,NHAVA SHEVA SEA,0,0,COPPER ORES AND CONCENTRATES,CHINA P RP,0,0,26030000,0,0,2021,Mar,01-Mar-2021,Export
101,KGS,CONCOR ICD/MMLP KHAPRI NAGPUR,0,0,COPPER ORES AND CONCENTRATES,CHINA P RP,0,0,26030000,0,0,2021,Mar,01-Mar-2021,Export
102,KGS,CONCOR ICD NAYA RAIPUR,0,0,COPPER ORES AND CONCENTRATES,CHINA P RP,0,0,26030000,0,0,2021,Mar,01-Mar-2021,Export
103,KGS,KRIBHO INFRA LTD.ICD (HARYANA),0,0,COPPER ORES AND CONCENTRATES,KOREA RP,0,0,26030000,0,0,2021,Mar,01-Mar-2021,Export
16,KGS,NHAVA SHEVA SEA,2851089,41950,COPPER ORES AND CONCENTRATES,CHINA P RP,38284,2851089,26030000,38284,41950,2021,Apr,01-Apr-2021,Export
30,KGS,NHAVA SHEVA SEA,0,0,COPPER ORES AND CONCENTRATES,CHINA P RP,0,0,26030000,0,0,2021,May,01-May-2021,Export
45,KGS,NHAVA SHEVA SEA,0,0,COPPER ORES AND CONCENTRATES,CHINA P RP,0,0,26030000,0,0,2021,Jun,01-Jun-2021,Export
53,KGS,NHAVA SHEVA SEA,0,0,COPPER ORES AND CONCENTRATES,CHINA P RP,0,0,26030000,0,0,2021,Jul,01-Jul-2021,Export
54,KGS,KANDLA SEA,1272906898,10739758,COPPER ORES AND CONCENTRATES,PHILIPPINES,17079809,1272906898,26030000,17079809,10739758,2021,Jul,01-Jul-2021,Export
66,KGS,NHAVA SHEVA SEA,157663,21800,COPPER ORES AND CONCENTRATES,CHINA P RP,2125,157663,26030000,2125,21800,2021,Aug,01-Aug-2021,Export
67,KGS,KANDLA SEA,0,0,COPPER ORES AND CONCENTRATES,PHILIPPINES,0,0,26030000,0,0,2021,Aug,01-Aug-2021,Export
74,KGS,KOLKATA SEA,328781,20100,COPPER ORES AND CONCENTRATES,CHINA P RP,4469,328781,26030000,4469,20100,2021,Sep,01-Sep-2021,Export
75,KGS,NHAVA SHEVA SEA,0,0,COPPER ORES AND CONCENTRATES,CHINA P RP,0,0,26030000,0,0,2021,Sep,01-Sep-2021,Export
76,KGS,KANDLA SEA,0,0,COPPER ORES AND CONCENTRATES,PHILIPPINES,0,0,26030000,0,0,2021,Sep,01-Sep-2021,Export
81,KGS,KANDLA SEA,986223742,9660000,COPPER ORES AND CONCENTRATES,CHINA P RP,13164517,986223742,26030000,13164517,9660000,2021,Oct,01-Oct-2021,Export
82,KGS,KOLKATA SEA,0,0,COPPER ORES AND CONCENTRATES,CHINA P RP,0,0,26030000,0,0,2021,Oct,01-Oct-2021,Export
83,KGS,NHAVA SHEVA SEA,0,0,COPPER ORES AND CONCENTRATES,CHINA P RP,0,0,26030000,0,0,2021,Oct,01-Oct-2021,Export
84,KGS,KANDLA SEA,0,0,COPPER ORES AND CONCENTRATES,PHILIPPINES,0,0,26030000,0,0,2021,Oct,01-Oct-2021,Export
84,KGS,KANDLA SEA,0,0,COPPER ORES AND CONCENTRATES,CHINA P RP,0,0,26030000,0,0,2021,Nov,01-Nov-2021,Export
85,KGS,NHAVA SHEVA SEA,0,0,COPPER ORES AND CONCENTRATES,CHINA P RP,0,0,26030000,0,0,2021,Nov,01-Nov-2021,Export
86,KGS,KOLKATA SEA,0,0,COPPER ORES AND CONCENTRATES,CHINA P RP,0,0,26030000,0,0,2021,Nov,01-Nov-2021,Export
87,KGS,KANDLA SEA,0,0,COPPER ORES AND CONCENTRATES,PHILIPPINES,0,0,26030000,0,0,2021,Nov,01-Nov-2021,Export
94,KGS,BANGALORE AIRPORT,8904,25,COPPER ORES AND CONCENTRATES,CANADA,118,8904,26030000,118,25,2021,Dec,01-Dec-2021,Export
95,KGS,MUNDRA,2067119,20000,COPPER ORES AND CONCENTRATES,CHINA P RP,27425,2067119,26030000,27425,20000,2021,Dec,01-Dec-2021,Export
96,KGS,KANDLA SEA,0,0,COPPER ORES AND CONCENTRATES,CHINA P RP,0,0,26030000,0,0,2021,Dec,01-Dec-2021,Export
97,KGS,NHAVA SHEVA SEA,0,0,COPPER ORES AND CONCENTRATES,CHINA P RP,0,0,26030000,0,0,2021,Dec,01-Dec-2021,Export
98,KGS,KOLKATA SEA,0,0,COPPER ORES AND CONCENTRATES,CHINA P RP,0,0,26030000,0,0,2021,Dec,01-Dec-2021,Export
99,KGS,TUTICORIN SEA,119951501,746809,COPPER ORES AND CONCENTRATES,MALAYSIA,1591449,119951501,26030000,1591449,746809,2021,Dec,01-Dec-2021,Export
100,KGS,KANDLA SEA,0,0,COPPER ORES AND CONCENTRATES,PHILIPPINES,0,0,26030000,0,0,2021,Dec,01-Dec-2021,Export
105,KGS,BANGALORE AIRPORT,0,0,COPPER ORES AND CONCENTRATES,CANADA,0,0,26030000,0,0,2022,Jan,01-Jan-2022,Export
106,KGS,KANDLA SEA,0,0,COPPER ORES AND CONCENTRATES,CHINA P RP,0,0,26030000,0,0,2022,Jan,01-Jan-2022,Export
107,KGS,MUNDRA,0,0,COPPER ORES AND CONCENTRATES,CHINA P RP,0,0,26030000,0,0,2022,Jan,01-Jan-2022,Export
108,KGS,NHAVA SHEVA SEA,0,0,COPPER ORES AND CONCENTRATES,CHINA P RP,0,0,26030000,0,0,2022,Jan,01-Jan-2022,Export
109,KGS,KOLKATA SEA,0,0,COPPER ORES AND CONCENTRATES,CHINA P RP,0,0,26030000,0,0,2022,Jan,01-Jan-2022,Export
110,KGS,TUTICORIN SEA,327261695,2063219,COPPER ORES AND CONCENTRATES,MALAYSIA,4396221,327261695,26030000,4396221,2063219,2022,Jan,01-Jan-2022,Export
111,KGS,KANDLA SEA,0,0,COPPER ORES AND CONCENTRATES,PHILIPPINES,0,0,26030000,0,0,2022,Jan,01-Jan-2022,Export
108,KGS,BANGALORE AIRPORT,0,0,COPPER ORES AND CONCENTRATES,CANADA,0,0,26030000,0,0,2022,Feb,01-Feb-2022,Export
109,KGS,MUNDRA,1989651,20150,COPPER ORES AND CONCENTRATES,CHINA P RP,26528,1989651,26030000,26528,20150,2022,Feb,01-Feb-2022,Export
110,KGS,KANDLA SEA,0,0,COPPER ORES AND CONCENTRATES,CHINA P RP,0,0,26030000,0,0,2022,Feb,01-Feb-2022,Export
111,KGS,NHAVA SHEVA SEA,0,0,COPPER ORES AND CONCENTRATES,CHINA P RP,0,0,26030000,0,0,2022,Feb,01-Feb-2022,Export
112,KGS,KOLKATA SEA,0,0,COPPER ORES AND CONCENTRATES,CHINA P RP,0,0,26030000,0,0,2022,Feb,01-Feb-2022,Export
113,KGS,TUTICORIN SEA,0,0,COPPER ORES AND CONCENTRATES,MALAYSIA,0,0,26030000,0,0,2022,Feb,01-Feb-2022,Export
114,KGS,KANDLA SEA,0,0,COPPER ORES AND CONCENTRATES,PHILIPPINES,0,0,26030000,0,0,2022,Feb,01-Feb-2022,Export
115,KGS,BANGALORE AIRPORT,0,0,COPPER ORES AND CONCENTRATES,CANADA,0,0,26030000,0,0,2022,Mar,01-Mar-2022,Export
116,KGS,MUNDRA,2213167,31080,COPPER ORES AND CONCENTRATES,CHINA P RP,29027,2213167,26030000,29027,31080,2022,Mar,01-Mar-2022,Export
117,KGS,KANDLA SEA,0,0,COPPER ORES AND CONCENTRATES,CHINA P RP,0,0,26030000,0,0,2022,Mar,01-Mar-2022,Export
118,KGS,NHAVA SHEVA SEA,0,0,COPPER ORES AND CONCENTRATES,CHINA P RP,0,0,26030000,0,0,2022,Mar,01-Mar-2022,Export
119,KGS,KOLKATA SEA,0,0,COPPER ORES AND CONCENTRATES,CHINA P RP,0,0,26030000,0,0,2022,Mar,01-Mar-2022,Export
120,KGS,TUTICORIN SEA,0,0,COPPER ORES AND CONCENTRATES,MALAYSIA,0,0,26030000,0,0,2022,Mar,01-Mar-2022,Export
121,KGS,KANDLA SEA,1248589583,11461742,COPPER ORES AND CONCENTRATES,PHILIPPINES,16376127,1248589583,26030000,16376127,11461742,2022,Mar,01-Mar-2022,Export
59,KGS,NHAVA SHEVA SEA,2183808,56870,COPPER ORES AND CONCENTRATES,CAMBODIA,27971,2183808,26030000,27971,56870,2022,Jun,01-Jun-2022,Export
60,KGS,MUNDRA,3666900,130000,COPPER ORES AND CONCENTRATES,CHINA P RP,46967,3666900,26030000,46967,130000,2022,Jun,01-Jun-2022,Export
72,KGS,NHAVA SHEVA SEA,0,0,COPPER ORES AND CONCENTRATES,CAMBODIA,0,0,26030000,0,0,2022,Jul,01-Jul-2022,Export
73,KGS,MUNDRA,0,0,COPPER ORES AND CONCENTRATES,CHINA P RP,0,0,26030000,0,0,2022,Jul,01-Jul-2022,Export
83,KGS,NHAVA SHEVA SEA,0,0,COPPER ORES AND CONCENTRATES,CAMBODIA,0,0,26030000,0,0,2022,Aug,01-Aug-2022,Export
84,KGS,MUNDRA,0,0,COPPER ORES AND CONCENTRATES,CHINA P RP,0,0,26030000,0,0,2022,Aug,01-Aug-2022,Export
90,KGS,NHAVA SHEVA SEA,0,0,COPPER ORES AND CONCENTRATES,CAMBODIA,0,0,26030000,0,0,2022,Sep,01-Sep-2022,Export
91,KGS,MUNDRA,0,0,COPPER ORES AND CONCENTRATES,CHINA P RP,0,0,26030000,0,0,2022,Sep,01-Sep-2022,Export
99,KGS,NHAVA SHEVA SEA,0,0,COPPER ORES AND CONCENTRATES,CAMBODIA,0,0,26030000,0,0,2022,Oct,01-Oct-2022,Export
100,KGS,KANDLA SEA,1503208116,16711644,COPPER ORES AND CONCENTRATES,CHINA P RP,18256088,1503208116,26030000,18256088,16711644,2022,Oct,01-Oct-2022,Export
101,KGS,MUNDRA,0,0,COPPER ORES AND CONCENTRATES,CHINA P RP,0,0,26030000,0,0,2022,Oct,01-Oct-2022,Export
103,KGS,NHAVA SHEVA SEA,0,0,COPPER ORES AND CONCENTRATES,CAMBODIA,0,0,26030000,0,0,2022,Nov,01-Nov-2022,Export
104,KGS,MUNDRA,2354818,52340,COPPER ORES AND CONCENTRATES,CHINA P RP,28784,2354818,26030000,28784,52340,2022,Nov,01-Nov-2022,Export
105,KGS,KANDLA SEA,0,0,COPPER ORES AND CONCENTRATES,CHINA P RP,0,0,26030000,0,0,2022,Nov,01-Nov-2022,Export
108,KGS,NHAVA SHEVA SEA,0,0,COPPER ORES AND CONCENTRATES,CAMBODIA,0,0,26030000,0,0,2022,Dec,01-Dec-2022,Export
109,KGS,KANDLA SEA,0,0,COPPER ORES AND CONCENTRATES,CHINA P RP,0,0,26030000,0,0,2022,Dec,01-Dec-2022,Export
110,KGS,MUNDRA,0,0,COPPER ORES AND CONCENTRATES,CHINA P RP,0,0,26030000,0,0,2022,Dec,01-Dec-2022,Export
116,KGS,NHAVA SHEVA SEA,0,0,COPPER ORES AND CONCENTRATES,CAMBODIA,0,0,26030000,0,0,2023,Jan,01-Jan-2023,Export
117,KGS,KANDLA SEA,903486355,9205218,COPPER ORES AND CONCENTRATES,CHINA P RP,11031633,903486355,26030000,11031633,9205218,2023,Jan,01-Jan-2023,Export
118,KGS,MUNDRA,0,0,COPPER ORES AND CONCENTRATES,CHINA P RP,0,0,26030000,0,0,2023,Jan,01-Jan-2023,Export
117,KGS,NHAVA SHEVA SEA,0,0,COPPER ORES AND CONCENTRATES,CAMBODIA,0,0,26030000,0,0,2023,Feb,01-Feb-2023,Export
118,KGS,MUNDRA,5816226,47040,COPPER ORES AND CONCENTRATES,CHINA P RP,70407,5816226,26030000,70407,47040,2023,Feb,01-Feb-2023,Export
119,KGS,KANDLA SEA,0,0,COPPER ORES AND CONCENTRATES,CHINA P RP,0,0,26030000,0,0,2023,Feb,01-Feb-2023,Export
124,KGS,NHAVA SHEVA SEA,0,0,COPPER ORES AND CONCENTRATES,CAMBODIA,0,0,26030000,0,0,2023,Mar,01-Mar-2023,Export
125,KGS,MUNDRA,14654260,132890,COPPER ORES AND CONCENTRATES,CHINA P RP,178084,14654260,26030000,178084,132890,2023,Mar,01-Mar-2023,Export
126,KGS,KANDLA SEA,0,0,COPPER ORES AND CONCENTRATES,CHINA P RP,0,0,26030000,0,0,2023,Mar,01-Mar-2023,Export
20,KGS,MUNDRA,1005766,39370,COPPER ORES AND CONCENTRATES,CHINA P RP,12262,1005766,26030000,12262,39370,2023,Apr,01-Apr-2023,Export
34,KGS,MUNDRA,11715933,46745,COPPER ORES AND CONCENTRATES,CHINA P RP,142282,11715933,26030000,142282,46745,2023,May,01-May-2023,Export
47,KGS,KANDLA SEA,990744736,10150093,COPPER ORES AND CONCENTRATES,CHINA P RP,12047916,990744736,26030000,12047916,10150093,2023,Jun,01-Jun-2023,Export
48,KGS,MUNDRA,1185006,40364,COPPER ORES AND CONCENTRATES,CHINA P RP,14410,1185006,26030000,14410,40364,2023,Jun,01-Jun-2023,Export
53,KGS,MUNDRA,8631235,24720,COPPER ORES AND CONCENTRATES,CHINA P RP,105064,8631235,26030000,105064,24720,2023,Jul,01-Jul-2023,Export
54,KGS,KANDLA SEA,0,0,COPPER ORES AND CONCENTRATES,CHINA P RP,0,0,26030000,0,0,2023,Jul,01-Jul-2023,Export
61,KGS,KANDLA SEA,0,0,COPPER ORES AND CONCENTRATES,CHINA P RP,0,0,26030000,0,0,2023,Aug,01-Aug-2023,Export
62,KGS,MUNDRA,0,0,COPPER ORES AND CONCENTRATES,CHINA P RP,0,0,26030000,0,0,2023,Aug,01-Aug-2023,Export
72,KGS,KANDLA SEA,0,0,COPPER ORES AND CONCENTRATES,CHINA P RP,0,0,26030000,0,0,2023,Sep,01-Sep-2023,Export
73,KGS,MUNDRA,0,0,COPPER ORES AND CONCENTRATES,CHINA P RP,0,0,26030000,0,0,2023,Sep,01-Sep-2023,Export
78,KGS,KANDLA SEA,0,0,COPPER ORES AND CONCENTRATES,CHINA P RP,0,0,26030000,0,0,2023,Oct,01-Oct-2023,Export
79,KGS,MUNDRA,0,0,COPPER ORES AND CONCENTRATES,CHINA P RP,0,0,26030000,0,0,2023,Oct,01-Oct-2023,Export
85,KGS,PETRAPOLE LAND,1574,39,COPPER ORES AND CONCENTRATES,BANGLADESH PR,19,1574,26030000,19,39,2023,Nov,01-Nov-2023,Export
86,KGS,KANDLA SEA,0,0,COPPER ORES AND CONCENTRATES,CHINA P RP,0,0,26030000,0,0,2023,Nov,01-Nov-2023,Export
87,KGS,MUNDRA,0,0,COPPER ORES AND CONCENTRATES,CHINA P RP,0,0,26030000,0,0,2023,Nov,01-Nov-2023,Export
90,KGS,PETRAPOLE LAND,0,0,COPPER ORES AND CONCENTRATES,BANGLADESH PR,0,0,26030000,0,0,2023,Dec,01-Dec-2023,Export
91,KGS,KANDLA SEA,1417026763,12886216,COPPER ORES AND CONCENTRATES,CHINA P RP,17015477,1417026763,26030000,17015477,12886216,2023,Dec,01-Dec-2023,Export
92,KGS,MUNDRA,0,0,COPPER ORES AND CONCENTRATES,CHINA P RP,0,0,26030000,0,0,2023,Dec,01-Dec-2023,Export
95,KGS,PETRAPOLE LAND,0,0,COPPER ORES AND CONCENTRATES,BANGLADESH PR,0,0,26030000,0,0,2024,Jan,01-Jan-2024,Export
96,KGS,KANDLA SEA,0,0,COPPER ORES AND CONCENTRATES,CHINA P RP,0,0,26030000,0,0,2024,Jan,01-Jan-2024,Export
97,KGS,MUNDRA,0,0,COPPER ORES AND CONCENTRATES,CHINA P RP,0,0,26030000,0,0,2024,Jan,01-Jan-2024,Export
98,KGS,PETRAPOLE LAND,0,0,COPPER ORES AND CONCENTRATES,BANGLADESH PR,0,0,26030000,0,0,2024,Feb,01-Feb-2024,Export
99,KGS,KANDLA SEA,0,0,COPPER ORES AND CONCENTRATES,CHINA P RP,0,0,26030000,0,0,2024,Feb,01-Feb-2024,Export
100,KGS,MUNDRA,0,0,COPPER ORES AND CONCENTRATES,CHINA P RP,0,0,26030000,0,0,2024,Feb,01-Feb-2024,Export
109,KGS,PETRAPOLE LAND,0,0,COPPER ORES AND CONCENTRATES,BANGLADESH PR,0,0,26030000,0,0,2024,Mar,01-Mar-2024,Export
110,KGS,KANDLA SEA,0,0,COPPER ORES AND CONCENTRATES,CHINA P RP,0,0,26030000,0,0,2024,Mar,01-Mar-2024,Export
111,KGS,MUNDRA,0,0,COPPER ORES AND CONCENTRATES,CHINA P RP,0,0,26030000,0,0,2024,Mar,01-Mar-2024,Export
19,KGS,KANDLA SEA,582291584,5060460,COPPER ORES AND CONCENTRATES,CHINA P RP,6981411,582291584,26030000,6981411,5060460,2024,Apr,01-Apr-2024,Export
29,KGS,KANDLA SEA,0,0,COPPER ORES AND CONCENTRATES,CHINA P RP,0,0,26030000,0,0,2024,May,01-May-2024,Export
37,KGS,ICD KATHUWAS ALWAR,1358854129,9277797,COPPER ORES AND CONCENTRATES,CHINA P RP,16279376,1358854129,26030000,16279376,9277797,2024,Jun,01-Jun-2024,Export
38,KGS,KANDLA SEA,0,0,COPPER ORES AND CONCENTRATES,CHINA P RP,0,0,26030000,0,0,2024,Jun,01-Jun-2024,Export
39,KGS,MUMBAI AIR,545,13,COPPER ORES AND CONCENTRATES,NETHERLAND,7,545,26030000,7,13,2024,Jun,01-Jun-2024,Export
40,KGS,MUMBAI AIR,2710,53,COPPER ORES AND CONCENTRATES,U K,32,2710,26030000,32,53,2024,Jun,01-Jun-2024,Export
43,KGS,DELHI AIR,446,5,COPPER ORES AND CONCENTRATES,CHINA P RP,5,446,26030000,5,5,2024,Jul,01-Jul-2024,Export
44,KGS,KANDLA SEA,0,0,COPPER ORES AND CONCENTRATES,CHINA P RP,0,0,26030000,0,0,2024,Jul,01-Jul-2024,Export
45,KGS,ICD KATHUWAS ALWAR,0,0,COPPER ORES AND CONCENTRATES,CHINA P RP,0,0,26030000,0,0,2024,Jul,01-Jul-2024,Export
46,KGS,MUMBAI AIR,0,0,COPPER ORES AND CONCENTRATES,NETHERLAND,0,0,26030000,0,0,2024,Jul,01-Jul-2024,Export
47,KGS,MUMBAI AIR,0,0,COPPER ORES AND CONCENTRATES,U K,0,0,26030000,0,0,2024,Jul,01-Jul-2024,Export
48,KGS,DELHI AIR,2567,31,COPPER ORES AND CONCENTRATES,VIETNAM SOC REP,31,2567,26030000,31,31,2024,Jul,01-Jul-2024,Export
53,KGS,DELHI AIR,0,0,COPPER ORES AND CONCENTRATES,CHINA P RP,0,0,26030000,0,0,2024,Aug,01-Aug-2024,Export
54,KGS,ICD KATHUWAS ALWAR,0,0,COPPER ORES AND CONCENTRATES,CHINA P RP,0,0,26030000,0,0,2024,Aug,01-Aug-2024,Export
55,KGS,KANDLA SEA,0,0,COPPER ORES AND CONCENTRATES,CHINA P RP,0,0,26030000,0,0,2024,Aug,01-Aug-2024,Export
56,KGS,MUMBAI AIR,0,0,COPPER ORES AND CONCENTRATES,NETHERLAND,0,0,26030000,0,0,2024,Aug,01-Aug-2024,Export
57,KGS,MUMBAI AIR,1080,7,COPPER ORES AND CONCENTRATES,U K,13,1080,26030000,13,7,2024,Aug,01-Aug-2024,Export
58,KGS,DELHI AIR,0,0,COPPER ORES AND CONCENTRATES,VIETNAM SOC REP,0,0,26030000,0,0,2024,Aug,01-Aug-2024,Export
63,KGS,DELHI AIR,0,0,COPPER ORES AND CONCENTRATES,CHINA P RP,0,0,26030000,0,0,2024,Sep,01-Sep-2024,Export
64,KGS,ICD KATHUWAS ALWAR,0,0,COPPER ORES AND CONCENTRATES,CHINA P RP,0,0,26030000,0,0,2024,Sep,01-Sep-2024,Export
65,KGS,KANDLA SEA,0,0,COPPER ORES AND CONCENTRATES,CHINA P RP,0,0,26030000,0,0,2024,Sep,01-Sep-2024,Export
66,KGS,MUMBAI AIR,0,0,COPPER ORES AND CONCENTRATES,NETHERLAND,0,0,26030000,0,0,2024,Sep,01-Sep-2024,Export
67,KGS,CHENNAI AIR,3606,0,COPPER ORES AND CONCENTRATES,SEYCHELLES,43,3606,26030000,43,0,2024,Sep,01-Sep-2024,Export
68,KGS,DELHI AIR,416,5,COPPER ORES AND CONCENTRATES,THAILAND,5,416,26030000,5,5,2024,Sep,01-Sep-2024,Export
69,KGS,MUMBAI AIR,1080,7,COPPER ORES AND CONCENTRATES,U K,13,1080,26030000,13,7,2024,Sep,01-Sep-2024,Export
70,KGS,DELHI AIR,0,0,COPPER ORES AND CONCENTRATES,VIETNAM SOC REP,0,0,26030000,0,0,2024,Sep,01-Sep-2024,Export
70,KGS,KANDLA SEA,0,0,COPPER ORES AND CONCENTRATES,CHINA P RP,0,0,26030000,0,0,2024,Oct,01-Oct-2024,Export
71,KGS,ICD KATHUWAS ALWAR,0,0,COPPER ORES AND CONCENTRATES,CHINA P RP,0,0,26030000,0,0,2024,Oct,01-Oct-2024,Export
72,KGS,DELHI AIR,0,0,COPPER ORES AND CONCENTRATES,CHINA P RP,0,0,26030000,0,0,2024,Oct,01-Oct-2024,Export
73,KGS,MUMBAI AIR,0,0,COPPER ORES AND CONCENTRATES,NETHERLAND,0,0,26030000,0,0,2024,Oct,01-Oct-2024,Export
74,KGS,CHENNAI AIR,0,0,COPPER ORES AND CONCENTRATES,SEYCHELLES,0,0,26030000,0,0,2024,Oct,01-Oct-2024,Export
75,KGS,DELHI AIR,0,0,COPPER ORES AND CONCENTRATES,THAILAND,0,0,26030000,0,0,2024,Oct,01-Oct-2024,Export
76,KGS,MUMBAI AIR,0,0,COPPER ORES AND CONCENTRATES,U K,0,0,26030000,0,0,2024,Oct,01-Oct-2024,Export
77,KGS,DELHI AIR,0,0,COPPER ORES AND CONCENTRATES,VIETNAM SOC REP,0,0,26030000,0,0,2024,Oct,01-Oct-2024,Export
75,KGS,DELHI AIR,0,0,COPPER ORES AND CONCENTRATES,CHINA P RP,0,0,26030000,0,0,2024,Nov,01-Nov-2024,Export
76,KGS,ICD KATHUWAS ALWAR,0,0,COPPER ORES AND CONCENTRATES,CHINA P RP,0,0,26030000,0,0,2024,Nov,01-Nov-2024,Export
77,KGS,KANDLA SEA,0,0,COPPER ORES AND CONCENTRATES,CHINA P RP,0,0,26030000,0,0,2024,Nov,01-Nov-2024,Export
78,KGS,MUMBAI AIR,0,0,COPPER ORES AND CONCENTRATES,NETHERLAND,0,0,26030000,0,0,2024,Nov,01-Nov-2024,Export
79,KGS,CHENNAI AIR,0,0,COPPER ORES AND CONCENTRATES,SEYCHELLES,0,0,26030000,0,0,2024,Nov,01-Nov-2024,Export
80,KGS,DELHI AIR,0,0,COPPER ORES AND CONCENTRATES,THAILAND,0,0,26030000,0,0,2024,Nov,01-Nov-2024,Export
81,KGS,MUMBAI AIR,0,0,COPPER ORES AND CONCENTRATES,U K,0,0,26030000,0,0,2024,Nov,01-Nov-2024,Export
82,KGS,DELHI AIR,0,0,COPPER ORES AND CONCENTRATES,VIETNAM SOC REP,0,0,26030000,0,0,2024,Nov,01-Nov-2024,Export
81,KGS,MUNDRA,4857523,95245,COPPER ORES AND CONCENTRATES,CHINA P RP,57157,4857523,26030000,57157,95245,2024,Dec,01-Dec-2024,Export
82,KGS,DELHI AIR,0,0,COPPER ORES AND CONCENTRATES,CHINA P RP,0,0,26030000,0,0,2024,Dec,01-Dec-2024,Export
83,KGS,ICD KATHUWAS ALWAR,0,0,COPPER ORES AND CONCENTRATES,CHINA P RP,0,0,26030000,0,0,2024,Dec,01-Dec-2024,Export
84,KGS,KANDLA SEA,0,0,COPPER ORES AND CONCENTRATES,CHINA P RP,0,0,26030000,0,0,2024,Dec,01-Dec-2024,Export
85,KGS,MUMBAI AIR,0,0,COPPER ORES AND CONCENTRATES,NETHERLAND,0,0,26030000,0,0,2024,Dec,01-Dec-2024,Export
86,KGS,CHENNAI AIR,0,0,COPPER ORES AND CONCENTRATES,SEYCHELLES,0,0,26030000,0,0,2024,Dec,01-Dec-2024,Export
87,KGS,DELHI AIR,0,0,COPPER ORES AND CONCENTRATES,THAILAND,0,0,26030000,0,0,2024,Dec,01-Dec-2024,Export
88,KGS,MUMBAI AIR,0,0,COPPER ORES AND CONCENTRATES,U K,0,0,26030000,0,0,2024,Dec,01-Dec-2024,Export
89,KGS,DELHI AIR,0,0,COPPER ORES AND CONCENTRATES,VIETNAM SOC REP,0,0,26030000,0,0,2024,Dec,01-Dec-2024,Export
84,KGS,CHENNAI SEA,1410311,129920,COPPER ORES AND CONCENTRATES,CHINA P RP,16348,1410311,26030000,16348,129920,2025,Jan,01-Jan-2025,Export
85,KGS,DELHI AIR,0,0,COPPER ORES AND CONCENTRATES,CHINA P RP,0,0,26030000,0,0,2025,Jan,01-Jan-2025,Export
86,KGS,MUNDRA,0,0,COPPER ORES AND CONCENTRATES,CHINA P RP,0,0,26030000,0,0,2025,Jan,01-Jan-2025,Export
87,KGS,ICD KATHUWAS ALWAR,0,0,COPPER ORES AND CONCENTRATES,CHINA P RP,0,0,26030000,0,0,2025,Jan,01-Jan-2025,Export
88,KGS,KANDLA SEA,0,0,COPPER ORES AND CONCENTRATES,CHINA P RP,0,0,26030000,0,0,2025,Jan,01-Jan-2025,Export
89,KGS,MUMBAI AIR,0,0,COPPER ORES AND CONCENTRATES,NETHERLAND,0,0,26030000,0,0,2025,Jan,01-Jan-2025,Export
90,KGS,CHENNAI AIR,0,0,COPPER ORES AND CONCENTRATES,SEYCHELLES,0,0,26030000,0,0,2025,Jan,01-Jan-2025,Export
91,KGS,DELHI AIR,0,0,COPPER ORES AND CONCENTRATES,THAILAND,0,0,26030000,0,0,2025,Jan,01-Jan-2025,Export
92,KGS,MUMBAI AIR,1087,13,COPPER ORES AND CONCENTRATES,U K,13,1087,26030000,13,13,2025,Jan,01-Jan-2025,Export
93,KGS,DELHI AIR,0,0,COPPER ORES AND CONCENTRATES,VIETNAM SOC REP,0,0,26030000,0,0,2025,Jan,01-Jan-2025,Export
93,KGS,CHENNAI SEA,7707241,699552,COPPER ORES AND CONCENTRATES,CHINA P RP,88533,7707241,26030000,88533,699552,2025,Feb,01-Feb-2025,Export
94,KGS,DELHI AIR,0,0,COPPER ORES AND CONCENTRATES,CHINA P RP,0,0,26030000,0,0,2025,Feb,01-Feb-2025,Export
95,KGS,MUNDRA,0,0,COPPER ORES AND CONCENTRATES,CHINA P RP,0,0,26030000,0,0,2025,Feb,01-Feb-2025,Export
96,KGS,ICD KATHUWAS ALWAR,0,0,COPPER ORES AND CONCENTRATES,CHINA P RP,0,0,26030000,0,0,2025,Feb,01-Feb-2025,Export
97,KGS,KANDLA SEA,0,0,COPPER ORES AND CONCENTRATES,CHINA P RP,0,0,26030000,0,0,2025,Feb,01-Feb-2025,Export
98,KGS,ICD SONIPAT,41096,350,COPPER ORES AND CONCENTRATES,ETHIOPIA,472,41096,26030000,472,350,2025,Feb,01-Feb-2025,Export
99,KGS,MUMBAI AIR,0,0,COPPER ORES AND CONCENTRATES,NETHERLAND,0,0,26030000,0,0,2025,Feb,01-Feb-2025,Export
100,KGS,CHENNAI AIR,0,0,COPPER ORES AND CONCENTRATES,SEYCHELLES,0,0,26030000,0,0,2025,Feb,01-Feb-2025,Export
101,KGS,DELHI AIR,0,0,COPPER ORES AND CONCENTRATES,THAILAND,0,0,26030000,0,0,2025,Feb,01-Feb-2025,Export
102,KGS,MUMBAI AIR,0,0,COPPER ORES AND CONCENTRATES,U K,0,0,26030000,0,0,2025,Feb,01-Feb-2025,Export
103,KGS,DELHI AIR,0,0,COPPER ORES AND CONCENTRATES,VIETNAM SOC REP,0,0,26030000,0,0,2025,Feb,01-Feb-2025,Export
93,KGS,CHENNAI SEA,12878112,1161756,COPPER ORES AND CONCENTRATES,CHINA P RP,148643,12878112,26030000,148643,1161756,2025,Mar,01-Mar-2025,Export
94,KGS,DELHI AIR,0,0,COPPER ORES AND CONCENTRATES,CHINA P RP,0,0,26030000,0,0,2025,Mar,01-Mar-2025,Export
95,KGS,ICD KATHUWAS ALWAR,0,0,COPPER ORES AND CONCENTRATES,CHINA P RP,0,0,26030000,0,0,2025,Mar,01-Mar-2025,Export
96,KGS,MUNDRA,0,0,COPPER ORES AND CONCENTRATES,CHINA P RP,0,0,26030000,0,0,2025,Mar,01-Mar-2025,Export
97,KGS,KANDLA SEA,0,0,COPPER ORES AND CONCENTRATES,CHINA P RP,0,0,26030000,0,0,2025,Mar,01-Mar-2025,Export
98,KGS,ICD SONIPAT,0,0,COPPER ORES AND CONCENTRATES,ETHIOPIA,0,0,26030000,0,0,2025,Mar,01-Mar-2025,Export
99,KGS,NHAVA SHEVA SEA,227696,400,COPPER ORES AND CONCENTRATES,GUATEMALA,2628,227696,26030000,2628,400,2025,Mar,01-Mar-2025,Export
100,KGS,MUMBAI AIR,0,0,COPPER ORES AND CONCENTRATES,NETHERLAND,0,0,26030000,0,0,2025,Mar,01-Mar-2025,Export
101,KGS,CHENNAI AIR,0,0,COPPER ORES AND CONCENTRATES,SEYCHELLES,0,0,26030000,0,0,2025,Mar,01-Mar-2025,Export
102,KGS,DELHI AIR,0,0,COPPER ORES AND CONCENTRATES,THAILAND,0,0,26030000,0,0,2025,Mar,01-Mar-2025,Export
103,KGS,MUMBAI AIR,0,0,COPPER ORES AND CONCENTRATES,U K,0,0,26030000,0,0,2025,Mar,01-Mar-2025,Export
104,KGS,DELHI AIR,0,0,COPPER ORES AND CONCENTRATES,VIETNAM SOC REP,0,0,26030000,0,0,2025,Mar,01-Mar-2025,Export
15,KGS,CHENNAI SEA,5286123,484692,COPPER ORES AND CONCENTRATES,CHINA P RP,61782,5286123,26030000,61782,484692,2025,Apr,01-Apr-2025,Export
25,KGS,CHENNAI SEA,0,0,COPPER ORES AND CONCENTRATES,CHINA P RP,0,0,26030000,0,0,2025,May,01-May-2025,Export
36,KGS,CHENNAI SEA,0,0,COPPER ORES AND CONCENTRATES,CHINA P RP,0,0,26030000,0,0,2025,Jun,01-Jun-2025,Export
43,KGS,CHENNAI SEA,0,0,COPPER ORES AND CONCENTRATES,CHINA P RP,0,0,26030000,0,0,2025,Jul,01-Jul-2025,Export
47,KGS,"HAZIRA PORT, SURAT",994606,23575,COPPER ORES AND CONCENTRATES,CHINA P RP,11365,994606,26030000,11365,23575,2025,Aug,01-Aug-2025,Export
48,KGS,CHENNAI SEA,0,0,COPPER ORES AND CONCENTRATES,CHINA P RP,0,0,26030000,0,0,2025,Aug,01-Aug-2025,Export
54,KGS,"HAZIRA PORT, SURAT",0,0,COPPER ORES AND CONCENTRATES,CHINA P RP,0,0,26030000,0,0,2025,Sep,01-Sep-2025,Export
55,KGS,CHENNAI SEA,0,0,COPPER ORES AND CONCENTRATES,CHINA P RP,0,0,26030000,0,0,2025,Sep,01-Sep-2025,Export
56,KGS,MUNDRA,4915260,80000,COPPER ORES AND CONCENTRATES,DJIBOUTI,55651,4915260,26030000,55651,80000,2025,Sep,01-Sep-2025,Export
